modelName,modelConfig,train_rmse,train_mae,train_mse,train_mape,test_rmse,test_mae,test_mse,test_mape
dummay,"{'name': 'sequential', 'layers': [{'class_name': 'InputLayer', 'config': {'batch_input_shape': (None, 1, 20), 'dtype': 'float32', 'sparse': False, 'ragged': False, 'name': 'lstm_input'}}, {'class_name': 'LSTM', 'config': {'name': 'lstm', 'trainable': True, 'dtype': 'float32', 'batch_input_shape': (None, 1, 20), 'return_sequences': True, 'return_state': False, 'go_backwards': False, 'stateful': False, 'unroll': False, 'time_major': False, 'units': 20, 'activation': 'tanh', 'recurrent_activation': 'sigmoid', 'use_bias': True, 'kernel_initializer': {'class_name': 'GlorotUniform', 'config': {'seed': None}}, 'recurrent_initializer': {'class_name': 'Orthogonal', 'config': {'gain': 1.0, 'seed': None}}, 'bias_initializer': {'class_name': 'Zeros', 'config': {}}, 'unit_forget_bias': True, 'kernel_regularizer': None, 'recurrent_regularizer': None, 'bias_regularizer': None, 'activity_regularizer': None, 'kernel_constraint': None, 'recurrent_constraint': None, 'bias_constraint': None, 'dropout': 0.0, 'recurrent_dropout': 0.0, 'implementation': 2}}, {'class_name': 'LSTM', 'config': {'name': 'lstm_1', 'trainable': True, 'dtype': 'float32', 'return_sequences': True, 'return_state': False, 'go_backwards': False, 'stateful': False, 'unroll': False, 'time_major': False, 'units': 5, 'activation': 'tanh', 'recurrent_activation': 'sigmoid', 'use_bias': True, 'kernel_initializer': {'class_name': 'GlorotUniform', 'config': {'seed': None}}, 'recurrent_initializer': {'class_name': 'Orthogonal', 'config': {'gain': 1.0, 'seed': None}}, 'bias_initializer': {'class_name': 'Zeros', 'config': {}}, 'unit_forget_bias': True, 'kernel_regularizer': None, 'recurrent_regularizer': None, 'bias_regularizer': None, 'activity_regularizer': None, 'kernel_constraint': None, 'recurrent_constraint': None, 'bias_constraint': None, 'dropout': 0.0, 'recurrent_dropout': 0.0, 'implementation': 2}}, {'class_name': 'Dense', 'config': {'name': 'dense', 'trainable': True, 'dtype': 'float32', 'units': 1, 'activation': 'linear', 'use_bias': True, 'kernel_initializer': {'class_name': 'GlorotUniform', 'config': {'seed': None}}, 'bias_initializer': {'class_name': 'Zeros', 'config': {}}, 'kernel_regularizer': None, 'bias_regularizer': None, 'activity_regularizer': None, 'kernel_constraint': None, 'bias_constraint': None}}]}",106.9529654006001,37.84523101394153,11438.936807981963,43.44481685634023,100.37746585838548,33.73631764363393,10075.63565215134,31.13854789988352
LSTM-1,"{'name': 'sequential_1', 'layers': [{'class_name': 'InputLayer', 'config': {'batch_input_shape': (None, 1, 20), 'dtype': 'float32', 'sparse': False, 'ragged': False, 'name': 'lstm_2_input'}}, {'class_name': 'LSTM', 'config': {'name': 'lstm_2', 'trainable': True, 'dtype': 'float32', 'batch_input_shape': (None, 1, 20), 'return_sequences': True, 'return_state': False, 'go_backwards': False, 'stateful': False, 'unroll': False, 'time_major': False, 'units': 20, 'activation': 'tanh', 'recurrent_activation': 'sigmoid', 'use_bias': True, 'kernel_initializer': {'class_name': 'GlorotUniform', 'config': {'seed': None}}, 'recurrent_initializer': {'class_name': 'Orthogonal', 'config': {'gain': 1.0, 'seed': None}}, 'bias_initializer': {'class_name': 'Zeros', 'config': {}}, 'unit_forget_bias': True, 'kernel_regularizer': None, 'recurrent_regularizer': None, 'bias_regularizer': None, 'activity_regularizer': None, 'kernel_constraint': None, 'recurrent_constraint': None, 'bias_constraint': None, 'dropout': 0.0, 'recurrent_dropout': 0.0, 'implementation': 2}}, {'class_name': 'LSTM', 'config': {'name': 'lstm_3', 'trainable': True, 'dtype': 'float32', 'return_sequences': True, 'return_state': False, 'go_backwards': False, 'stateful': False, 'unroll': False, 'time_major': False, 'units': 5, 'activation': 'tanh', 'recurrent_activation': 'sigmoid', 'use_bias': True, 'kernel_initializer': {'class_name': 'GlorotUniform', 'config': {'seed': None}}, 'recurrent_initializer': {'class_name': 'Orthogonal', 'config': {'gain': 1.0, 'seed': None}}, 'bias_initializer': {'class_name': 'Zeros', 'config': {}}, 'unit_forget_bias': True, 'kernel_regularizer': None, 'recurrent_regularizer': None, 'bias_regularizer': None, 'activity_regularizer': None, 'kernel_constraint': None, 'recurrent_constraint': None, 'bias_constraint': None, 'dropout': 0.0, 'recurrent_dropout': 0.0, 'implementation': 2}}, {'class_name': 'Dense', 'config': {'name': 'dense_1', 'trainable': True, 'dtype': 'float32', 'units': 1, 'activation': 'linear', 'use_bias': True, 'kernel_initializer': {'class_name': 'GlorotUniform', 'config': {'seed': None}}, 'bias_initializer': {'class_name': 'Zeros', 'config': {}}, 'kernel_regularizer': None, 'bias_regularizer': None, 'activity_regularizer': None, 'kernel_constraint': None, 'bias_constraint': None}}]}",107.00159147352284,37.65887124013001,11449.340577866677,42.08133594230196,100.42409637112031,33.68904275414005,10084.999131956063,30.58646085365971
LSTM-3,"{'name': 'sequential_2', 'layers': [{'class_name': 'InputLayer', 'config': {'batch_input_shape': (None, 1, 20), 'dtype': 'float32', 'sparse': False, 'ragged': False, 'name': 'lstm_4_input'}}, {'class_name': 'LSTM', 'config': {'name': 'lstm_4', 'trainable': True, 'dtype': 'float32', 'batch_input_shape': (None, 1, 20), 'return_sequences': True, 'return_state': False, 'go_backwards': False, 'stateful': False, 'unroll': False, 'time_major': False, 'units': 20, 'activation': 'tanh', 'recurrent_activation': 'sigmoid', 'use_bias': True, 'kernel_initializer': {'class_name': 'GlorotUniform', 'config': {'seed': None}}, 'recurrent_initializer': {'class_name': 'Orthogonal', 'config': {'gain': 1.0, 'seed': None}}, 'bias_initializer': {'class_name': 'Zeros', 'config': {}}, 'unit_forget_bias': True, 'kernel_regularizer': None, 'recurrent_regularizer': None, 'bias_regularizer': None, 'activity_regularizer': None, 'kernel_constraint': None, 'recurrent_constraint': None, 'bias_constraint': None, 'dropout': 0.0, 'recurrent_dropout': 0.0, 'implementation': 2}}, {'class_name': 'LSTM', 'config': {'name': 'lstm_5', 'trainable': True, 'dtype': 'float32', 'return_sequences': True, 'return_state': False, 'go_backwards': False, 'stateful': False, 'unroll': False, 'time_major': False, 'units': 30, 'activation': 'tanh', 'recurrent_activation': 'sigmoid', 'use_bias': True, 'kernel_initializer': {'class_name': 'GlorotUniform', 'config': {'seed': None}}, 'recurrent_initializer': {'class_name': 'Orthogonal', 'config': {'gain': 1.0, 'seed': None}}, 'bias_initializer': {'class_name': 'Zeros', 'config': {}}, 'unit_forget_bias': True, 'kernel_regularizer': None, 'recurrent_regularizer': None, 'bias_regularizer': None, 'activity_regularizer': None, 'kernel_constraint': None, 'recurrent_constraint': None, 'bias_constraint': None, 'dropout': 0.0, 'recurrent_dropout': 0.0, 'implementation': 2}}, {'class_name': 'LSTM', 'config': {'name': 'lstm_6', 'trainable': True, 'dtype': 'float32', 'return_sequences': True, 'return_state': False, 'go_backwards': False, 'stateful': False, 'unroll': False, 'time_major': False, 'units': 5, 'activation': 'tanh', 'recurrent_activation': 'sigmoid', 'use_bias': True, 'kernel_initializer': {'class_name': 'GlorotUniform', 'config': {'seed': None}}, 'recurrent_initializer': {'class_name': 'Orthogonal', 'config': {'gain': 1.0, 'seed': None}}, 'bias_initializer': {'class_name': 'Zeros', 'config': {}}, 'unit_forget_bias': True, 'kernel_regularizer': None, 'recurrent_regularizer': None, 'bias_regularizer': None, 'activity_regularizer': None, 'kernel_constraint': None, 'recurrent_constraint': None, 'bias_constraint': None, 'dropout': 0.0, 'recurrent_dropout': 0.0, 'implementation': 2}}, {'class_name': 'Dense', 'config': {'name': 'dense_2', 'trainable': True, 'dtype': 'float32', 'units': 1, 'activation': 'linear', 'use_bias': True, 'kernel_initializer': {'class_name': 'GlorotUniform', 'config': {'seed': None}}, 'bias_initializer': {'class_name': 'Zeros', 'config': {}}, 'kernel_regularizer': None, 'bias_regularizer': None, 'activity_regularizer': None, 'kernel_constraint': None, 'bias_constraint': None}}]}",102.7833468933516,35.15254138848071,10564.41639859905,40.62376287666829,95.78984385969144,32.56088961384616,9175.694186664065,32.079804757013115
LSTM-3,"{'name': 'sequential_3', 'layers': [{'class_name': 'InputLayer', 'config': {'batch_input_shape': (None, 1, 20), 'dtype': 'float32', 'sparse': False, 'ragged': False, 'name': 'lstm_7_input'}}, {'class_name': 'LSTM', 'config': {'name': 'lstm_7', 'trainable': True, 'dtype': 'float32', 'batch_input_shape': (None, 1, 20), 'return_sequences': True, 'return_state': False, 'go_backwards': False, 'stateful': False, 'unroll': False, 'time_major': False, 'units': 20, 'activation': 'tanh', 'recurrent_activation': 'sigmoid', 'use_bias': True, 'kernel_initializer': {'class_name': 'GlorotUniform', 'config': {'seed': None}}, 'recurrent_initializer': {'class_name': 'Orthogonal', 'config': {'gain': 1.0, 'seed': None}}, 'bias_initializer': {'class_name': 'Zeros', 'config': {}}, 'unit_forget_bias': True, 'kernel_regularizer': None, 'recurrent_regularizer': None, 'bias_regularizer': None, 'activity_regularizer': None, 'kernel_constraint': None, 'recurrent_constraint': None, 'bias_constraint': None, 'dropout': 0.0, 'recurrent_dropout': 0.0, 'implementation': 2}}, {'class_name': 'LSTM', 'config': {'name': 'lstm_8', 'trainable': True, 'dtype': 'float32', 'return_sequences': True, 'return_state': False, 'go_backwards': False, 'stateful': False, 'unroll': False, 'time_major': False, 'units': 30, 'activation': 'tanh', 'recurrent_activation': 'sigmoid', 'use_bias': True, 'kernel_initializer': {'class_name': 'GlorotUniform', 'config': {'seed': None}}, 'recurrent_initializer': {'class_name': 'Orthogonal', 'config': {'gain': 1.0, 'seed': None}}, 'bias_initializer': {'class_name': 'Zeros', 'config': {}}, 'unit_forget_bias': True, 'kernel_regularizer': None, 'recurrent_regularizer': None, 'bias_regularizer': None, 'activity_regularizer': None, 'kernel_constraint': None, 'recurrent_constraint': None, 'bias_constraint': None, 'dropout': 0.0, 'recurrent_dropout': 0.0, 'implementation': 2}}, {'class_name': 'LSTM', 'config': {'name': 'lstm_9', 'trainable': True, 'dtype': 'float32', 'return_sequences': True, 'return_state': False, 'go_backwards': False, 'stateful': False, 'unroll': False, 'time_major': False, 'units': 5, 'activation': 'tanh', 'recurrent_activation': 'sigmoid', 'use_bias': True, 'kernel_initializer': {'class_name': 'GlorotUniform', 'config': {'seed': None}}, 'recurrent_initializer': {'class_name': 'Orthogonal', 'config': {'gain': 1.0, 'seed': None}}, 'bias_initializer': {'class_name': 'Zeros', 'config': {}}, 'unit_forget_bias': True, 'kernel_regularizer': None, 'recurrent_regularizer': None, 'bias_regularizer': None, 'activity_regularizer': None, 'kernel_constraint': None, 'recurrent_constraint': None, 'bias_constraint': None, 'dropout': 0.0, 'recurrent_dropout': 0.0, 'implementation': 2}}, {'class_name': 'Dense', 'config': {'name': 'dense_3', 'trainable': True, 'dtype': 'float32', 'units': 1, 'activation': 'linear', 'use_bias': True, 'kernel_initializer': {'class_name': 'GlorotUniform', 'config': {'seed': None}}, 'bias_initializer': {'class_name': 'Zeros', 'config': {}}, 'kernel_regularizer': None, 'bias_regularizer': None, 'activity_regularizer': None, 'kernel_constraint': None, 'bias_constraint': None}}]}",103.25131682675617,35.91556223081982,10660.83442645918,41.728774022085744,96.36219920993511,32.16416923599867,9285.67343657522,30.291994775497223
LSTM-4,"{'name': 'sequential_4', 'layers': [{'class_name': 'InputLayer', 'config': {'batch_input_shape': (None, 1, 50), 'dtype': 'float32', 'sparse': False, 'ragged': False, 'name': 'lstm_10_input'}}, {'class_name': 'LSTM', 'config': {'name': 'lstm_10', 'trainable': True, 'dtype': 'float32', 'batch_input_shape': (None, 1, 50), 'return_sequences': True, 'return_state': False, 'go_backwards': False, 'stateful': False, 'unroll': False, 'time_major': False, 'units': 20, 'activation': 'tanh', 'recurrent_activation': 'sigmoid', 'use_bias': True, 'kernel_initializer': {'class_name': 'GlorotUniform', 'config': {'seed': None}}, 'recurrent_initializer': {'class_name': 'Orthogonal', 'config': {'gain': 1.0, 'seed': None}}, 'bias_initializer': {'class_name': 'Zeros', 'config': {}}, 'unit_forget_bias': True, 'kernel_regularizer': None, 'recurrent_regularizer': None, 'bias_regularizer': None, 'activity_regularizer': None, 'kernel_constraint': None, 'recurrent_constraint': None, 'bias_constraint': None, 'dropout': 0.0, 'recurrent_dropout': 0.0, 'implementation': 2}}, {'class_name': 'LSTM', 'config': {'name': 'lstm_11', 'trainable': True, 'dtype': 'float32', 'return_sequences': True, 'return_state': False, 'go_backwards': False, 'stateful': False, 'unroll': False, 'time_major': False, 'units': 30, 'activation': 'tanh', 'recurrent_activation': 'sigmoid', 'use_bias': True, 'kernel_initializer': {'class_name': 'GlorotUniform', 'config': {'seed': None}}, 'recurrent_initializer': {'class_name': 'Orthogonal', 'config': {'gain': 1.0, 'seed': None}}, 'bias_initializer': {'class_name': 'Zeros', 'config': {}}, 'unit_forget_bias': True, 'kernel_regularizer': None, 'recurrent_regularizer': None, 'bias_regularizer': None, 'activity_regularizer': None, 'kernel_constraint': None, 'recurrent_constraint': None, 'bias_constraint': None, 'dropout': 0.0, 'recurrent_dropout': 0.0, 'implementation': 2}}, {'class_name': 'LSTM', 'config': {'name': 'lstm_12', 'trainable': True, 'dtype': 'float32', 'return_sequences': True, 'return_state': False, 'go_backwards': False, 'stateful': False, 'unroll': False, 'time_major': False, 'units': 5, 'activation': 'tanh', 'recurrent_activation': 'sigmoid', 'use_bias': True, 'kernel_initializer': {'class_name': 'GlorotUniform', 'config': {'seed': None}}, 'recurrent_initializer': {'class_name': 'Orthogonal', 'config': {'gain': 1.0, 'seed': None}}, 'bias_initializer': {'class_name': 'Zeros', 'config': {}}, 'unit_forget_bias': True, 'kernel_regularizer': None, 'recurrent_regularizer': None, 'bias_regularizer': None, 'activity_regularizer': None, 'kernel_constraint': None, 'recurrent_constraint': None, 'bias_constraint': None, 'dropout': 0.0, 'recurrent_dropout': 0.0, 'implementation': 2}}, {'class_name': 'Dense', 'config': {'name': 'dense_4', 'trainable': True, 'dtype': 'float32', 'units': 1, 'activation': 'linear', 'use_bias': True, 'kernel_initializer': {'class_name': 'GlorotUniform', 'config': {'seed': None}}, 'bias_initializer': {'class_name': 'Zeros', 'config': {}}, 'kernel_regularizer': None, 'bias_regularizer': None, 'activity_regularizer': None, 'kernel_constraint': None, 'bias_constraint': None}}]}",101.02463801807284,34.2809134482833,10205.977486682646,40.162043023201136,97.65943602203768,32.383992928790235,9537.36544414247,30.58847796172221
LSTM-4,"{'name': 'sequential_5', 'layers': [{'class_name': 'InputLayer', 'config': {'batch_input_shape': (None, 1, 50), 'dtype': 'float32', 'sparse': False, 'ragged': False, 'name': 'lstm_13_input'}}, {'class_name': 'LSTM', 'config': {'name': 'lstm_13', 'trainable': True, 'dtype': 'float32', 'batch_input_shape': (None, 1, 50), 'return_sequences': True, 'return_state': False, 'go_backwards': False, 'stateful': False, 'unroll': False, 'time_major': False, 'units': 20, 'activation': 'tanh', 'recurrent_activation': 'sigmoid', 'use_bias': True, 'kernel_initializer': {'class_name': 'GlorotUniform', 'config': {'seed': None}}, 'recurrent_initializer': {'class_name': 'Orthogonal', 'config': {'gain': 1.0, 'seed': None}}, 'bias_initializer': {'class_name': 'Zeros', 'config': {}}, 'unit_forget_bias': True, 'kernel_regularizer': None, 'recurrent_regularizer': None, 'bias_regularizer': None, 'activity_regularizer': None, 'kernel_constraint': None, 'recurrent_constraint': None, 'bias_constraint': None, 'dropout': 0.0, 'recurrent_dropout': 0.0, 'implementation': 2}}, {'class_name': 'LSTM', 'config': {'name': 'lstm_14', 'trainable': True, 'dtype': 'float32', 'return_sequences': True, 'return_state': False, 'go_backwards': False, 'stateful': False, 'unroll': False, 'time_major': False, 'units': 30, 'activation': 'tanh', 'recurrent_activation': 'sigmoid', 'use_bias': True, 'kernel_initializer': {'class_name': 'GlorotUniform', 'config': {'seed': None}}, 'recurrent_initializer': {'class_name': 'Orthogonal', 'config': {'gain': 1.0, 'seed': None}}, 'bias_initializer': {'class_name': 'Zeros', 'config': {}}, 'unit_forget_bias': True, 'kernel_regularizer': None, 'recurrent_regularizer': None, 'bias_regularizer': None, 'activity_regularizer': None, 'kernel_constraint': None, 'recurrent_constraint': None, 'bias_constraint': None, 'dropout': 0.0, 'recurrent_dropout': 0.0, 'implementation': 2}}, {'class_name': 'LSTM', 'config': {'name': 'lstm_15', 'trainable': True, 'dtype': 'float32', 'return_sequences': True, 'return_state': False, 'go_backwards': False, 'stateful': False, 'unroll': False, 'time_major': False, 'units': 5, 'activation': 'tanh', 'recurrent_activation': 'sigmoid', 'use_bias': True, 'kernel_initializer': {'class_name': 'GlorotUniform', 'config': {'seed': None}}, 'recurrent_initializer': {'class_name': 'Orthogonal', 'config': {'gain': 1.0, 'seed': None}}, 'bias_initializer': {'class_name': 'Zeros', 'config': {}}, 'unit_forget_bias': True, 'kernel_regularizer': None, 'recurrent_regularizer': None, 'bias_regularizer': None, 'activity_regularizer': None, 'kernel_constraint': None, 'recurrent_constraint': None, 'bias_constraint': None, 'dropout': 0.0, 'recurrent_dropout': 0.0, 'implementation': 2}}, {'class_name': 'Dense', 'config': {'name': 'dense_5', 'trainable': True, 'dtype': 'float32', 'units': 1, 'activation': 'linear', 'use_bias': True, 'kernel_initializer': {'class_name': 'GlorotUniform', 'config': {'seed': None}}, 'bias_initializer': {'class_name': 'Zeros', 'config': {}}, 'kernel_regularizer': None, 'bias_regularizer': None, 'activity_regularizer': None, 'kernel_constraint': None, 'bias_constraint': None}}]}",100.12680207331364,33.33285774312674,10025.376493428525,38.05777528038241,97.09134502522504,32.90476405250895,9426.729278807294,32.145660344889194
model_100_epochs_16_batch_3_layers_10126_params_input_window_20,"{'name': 'sequential_14', 'layers': [{'class_name': 'InputLayer', 'config': {'batch_input_shape': (None, 1, 20), 'dtype': 'float32', 'sparse': False, 'ragged': False, 'name': 'lstm_42_input'}}, {'class_name': 'LSTM', 'config': {'name': 'lstm_42', 'trainable': True, 'dtype': 'float32', 'batch_input_shape': (None, 1, 20), 'return_sequences': True, 'return_state': False, 'go_backwards': False, 'stateful': False, 'unroll': False, 'time_major': False, 'units': 20, 'activation': 'tanh', 'recurrent_activation': 'sigmoid', 'use_bias': True, 'kernel_initializer': {'class_name': 'GlorotUniform', 'config': {'seed': None}}, 'recurrent_initializer': {'class_name': 'Orthogonal', 'config': {'gain': 1.0, 'seed': None}}, 'bias_initializer': {'class_name': 'Zeros', 'config': {}}, 'unit_forget_bias': True, 'kernel_regularizer': None, 'recurrent_regularizer': None, 'bias_regularizer': None, 'activity_regularizer': None, 'kernel_constraint': None, 'recurrent_constraint': None, 'bias_constraint': None, 'dropout': 0.0, 'recurrent_dropout': 0.0, 'implementation': 2}}, {'class_name': 'LSTM', 'config': {'name': 'lstm_43', 'trainable': True, 'dtype': 'float32', 'return_sequences': True, 'return_state': False, 'go_backwards': False, 'stateful': False, 'unroll': False, 'time_major': False, 'units': 30, 'activation': 'tanh', 'recurrent_activation': 'sigmoid', 'use_bias': True, 'kernel_initializer': {'class_name': 'GlorotUniform', 'config': {'seed': None}}, 'recurrent_initializer': {'class_name': 'Orthogonal', 'config': {'gain': 1.0, 'seed': None}}, 'bias_initializer': {'class_name': 'Zeros', 'config': {}}, 'unit_forget_bias': True, 'kernel_regularizer': None, 'recurrent_regularizer': None, 'bias_regularizer': None, 'activity_regularizer': None, 'kernel_constraint': None, 'recurrent_constraint': None, 'bias_constraint': None, 'dropout': 0.0, 'recurrent_dropout': 0.0, 'implementation': 2}}, {'class_name': 'LSTM', 'config': {'name': 'lstm_44', 'trainable': True, 'dtype': 'float32', 'return_sequences': True, 'return_state': False, 'go_backwards': False, 'stateful': False, 'unroll': False, 'time_major': False, 'units': 5, 'activation': 'tanh', 'recurrent_activation': 'sigmoid', 'use_bias': True, 'kernel_initializer': {'class_name': 'GlorotUniform', 'config': {'seed': None}}, 'recurrent_initializer': {'class_name': 'Orthogonal', 'config': {'gain': 1.0, 'seed': None}}, 'bias_initializer': {'class_name': 'Zeros', 'config': {}}, 'unit_forget_bias': True, 'kernel_regularizer': None, 'recurrent_regularizer': None, 'bias_regularizer': None, 'activity_regularizer': None, 'kernel_constraint': None, 'recurrent_constraint': None, 'bias_constraint': None, 'dropout': 0.0, 'recurrent_dropout': 0.0, 'implementation': 2}}, {'class_name': 'Dense', 'config': {'name': 'dense_14', 'trainable': True, 'dtype': 'float32', 'units': 1, 'activation': 'linear', 'use_bias': True, 'kernel_initializer': {'class_name': 'GlorotUniform', 'config': {'seed': None}}, 'bias_initializer': {'class_name': 'Zeros', 'config': {}}, 'kernel_regularizer': None, 'bias_regularizer': None, 'activity_regularizer': None, 'kernel_constraint': None, 'bias_constraint': None}}]}",101.01643363992623,33.369855358142104,10204.319865329624,40.26460073004052,93.26450781832682,30.088759384963986,8698.268418594746,30.23813020365281
model_100_epochs_16_batch_4_layers_27926_params_input_window_20,"{'name': 'sequential', 'layers': [{'class_name': 'InputLayer', 'config': {'batch_input_shape': (None, 1, 20), 'dtype': 'float32', 'sparse': False, 'ragged': False, 'name': 'lstm_input'}}, {'class_name': 'LSTM', 'config': {'name': 'lstm', 'trainable': True, 'dtype': 'float32', 'batch_input_shape': (None, 1, 20), 'return_sequences': True, 'return_state': False, 'go_backwards': False, 'stateful': False, 'unroll': False, 'time_major': False, 'units': 20, 'activation': 'tanh', 'recurrent_activation': 'sigmoid', 'use_bias': True, 'kernel_initializer': {'class_name': 'GlorotUniform', 'config': {'seed': None}}, 'recurrent_initializer': {'class_name': 'Orthogonal', 'config': {'gain': 1.0, 'seed': None}}, 'bias_initializer': {'class_name': 'Zeros', 'config': {}}, 'unit_forget_bias': True, 'kernel_regularizer': None, 'recurrent_regularizer': None, 'bias_regularizer': None, 'activity_regularizer': None, 'kernel_constraint': None, 'recurrent_constraint': None, 'bias_constraint': None, 'dropout': 0.0, 'recurrent_dropout': 0.0, 'implementation': 2}}, {'class_name': 'LSTM', 'config': {'name': 'lstm_1', 'trainable': True, 'dtype': 'float32', 'return_sequences': True, 'return_state': False, 'go_backwards': False, 'stateful': False, 'unroll': False, 'time_major': False, 'units': 50, 'activation': 'tanh', 'recurrent_activation': 'sigmoid', 'use_bias': True, 'kernel_initializer': {'class_name': 'GlorotUniform', 'config': {'seed': None}}, 'recurrent_initializer': {'class_name': 'Orthogonal', 'config': {'gain': 1.0, 'seed': None}}, 'bias_initializer': {'class_name': 'Zeros', 'config': {}}, 'unit_forget_bias': True, 'kernel_regularizer': None, 'recurrent_regularizer': None, 'bias_regularizer': None, 'activity_regularizer': None, 'kernel_constraint': None, 'recurrent_constraint': None, 'bias_constraint': None, 'dropout': 0.0, 'recurrent_dropout': 0.0, 'implementation': 2}}, {'class_name': 'LSTM', 'config': {'name': 'lstm_2', 'trainable': True, 'dtype': 'float32', 'return_sequences': True, 'return_state': False, 'go_backwards': False, 'stateful': False, 'unroll': False, 'time_major': False, 'units': 30, 'activation': 'tanh', 'recurrent_activation': 'sigmoid', 'use_bias': True, 'kernel_initializer': {'class_name': 'GlorotUniform', 'config': {'seed': None}}, 'recurrent_initializer': {'class_name': 'Orthogonal', 'config': {'gain': 1.0, 'seed': None}}, 'bias_initializer': {'class_name': 'Zeros', 'config': {}}, 'unit_forget_bias': True, 'kernel_regularizer': None, 'recurrent_regularizer': None, 'bias_regularizer': None, 'activity_regularizer': None, 'kernel_constraint': None, 'recurrent_constraint': None, 'bias_constraint': None, 'dropout': 0.0, 'recurrent_dropout': 0.0, 'implementation': 2}}, {'class_name': 'LSTM', 'config': {'name': 'lstm_3', 'trainable': True, 'dtype': 'float32', 'return_sequences': True, 'return_state': False, 'go_backwards': False, 'stateful': False, 'unroll': False, 'time_major': False, 'units': 5, 'activation': 'tanh', 'recurrent_activation': 'sigmoid', 'use_bias': True, 'kernel_initializer': {'class_name': 'GlorotUniform', 'config': {'seed': None}}, 'recurrent_initializer': {'class_name': 'Orthogonal', 'config': {'gain': 1.0, 'seed': None}}, 'bias_initializer': {'class_name': 'Zeros', 'config': {}}, 'unit_forget_bias': True, 'kernel_regularizer': None, 'recurrent_regularizer': None, 'bias_regularizer': None, 'activity_regularizer': None, 'kernel_constraint': None, 'recurrent_constraint': None, 'bias_constraint': None, 'dropout': 0.0, 'recurrent_dropout': 0.0, 'implementation': 2}}, {'class_name': 'Dense', 'config': {'name': 'dense', 'trainable': True, 'dtype': 'float32', 'units': 1, 'activation': 'linear', 'use_bias': True, 'kernel_initializer': {'class_name': 'GlorotUniform', 'config': {'seed': None}}, 'bias_initializer': {'class_name': 'Zeros', 'config': {}}, 'kernel_regularizer': None, 'bias_regularizer': None, 'activity_regularizer': None, 'kernel_constraint': None, 'bias_constraint': None}}]}",100.67115714773506,33.040875631915355,10134.681881463968,39.10973917900348,93.4695137326847,30.084497341836546,8736.549997424534,29.420120363525182
model_100_epochs_16_batch_4_layers_27926_params_input_window_20,"{'name': 'sequential', 'layers': [{'class_name': 'InputLayer', 'config': {'batch_input_shape': (None, 1, 20), 'dtype': 'float32', 'sparse': False, 'ragged': False, 'name': 'lstm_input'}}, {'class_name': 'LSTM', 'config': {'name': 'lstm', 'trainable': True, 'dtype': 'float32', 'batch_input_shape': (None, 1, 20), 'return_sequences': True, 'return_state': False, 'go_backwards': False, 'stateful': False, 'unroll': False, 'time_major': False, 'units': 20, 'activation': 'tanh', 'recurrent_activation': 'sigmoid', 'use_bias': True, 'kernel_initializer': {'class_name': 'GlorotUniform', 'config': {'seed': None}}, 'recurrent_initializer': {'class_name': 'Orthogonal', 'config': {'gain': 1.0, 'seed': None}}, 'bias_initializer': {'class_name': 'Zeros', 'config': {}}, 'unit_forget_bias': True, 'kernel_regularizer': None, 'recurrent_regularizer': None, 'bias_regularizer': None, 'activity_regularizer': None, 'kernel_constraint': None, 'recurrent_constraint': None, 'bias_constraint': None, 'dropout': 0.0, 'recurrent_dropout': 0.0, 'implementation': 2}}, {'class_name': 'LSTM', 'config': {'name': 'lstm_1', 'trainable': True, 'dtype': 'float32', 'return_sequences': True, 'return_state': False, 'go_backwards': False, 'stateful': False, 'unroll': False, 'time_major': False, 'units': 50, 'activation': 'tanh', 'recurrent_activation': 'sigmoid', 'use_bias': True, 'kernel_initializer': {'class_name': 'GlorotUniform', 'config': {'seed': None}}, 'recurrent_initializer': {'class_name': 'Orthogonal', 'config': {'gain': 1.0, 'seed': None}}, 'bias_initializer': {'class_name': 'Zeros', 'config': {}}, 'unit_forget_bias': True, 'kernel_regularizer': None, 'recurrent_regularizer': None, 'bias_regularizer': None, 'activity_regularizer': None, 'kernel_constraint': None, 'recurrent_constraint': None, 'bias_constraint': None, 'dropout': 0.0, 'recurrent_dropout': 0.0, 'implementation': 2}}, {'class_name': 'LSTM', 'config': {'name': 'lstm_2', 'trainable': True, 'dtype': 'float32', 'return_sequences': True, 'return_state': False, 'go_backwards': False, 'stateful': False, 'unroll': False, 'time_major': False, 'units': 30, 'activation': 'tanh', 'recurrent_activation': 'sigmoid', 'use_bias': True, 'kernel_initializer': {'class_name': 'GlorotUniform', 'config': {'seed': None}}, 'recurrent_initializer': {'class_name': 'Orthogonal', 'config': {'gain': 1.0, 'seed': None}}, 'bias_initializer': {'class_name': 'Zeros', 'config': {}}, 'unit_forget_bias': True, 'kernel_regularizer': None, 'recurrent_regularizer': None, 'bias_regularizer': None, 'activity_regularizer': None, 'kernel_constraint': None, 'recurrent_constraint': None, 'bias_constraint': None, 'dropout': 0.0, 'recurrent_dropout': 0.0, 'implementation': 2}}, {'class_name': 'LSTM', 'config': {'name': 'lstm_3', 'trainable': True, 'dtype': 'float32', 'return_sequences': True, 'return_state': False, 'go_backwards': False, 'stateful': False, 'unroll': False, 'time_major': False, 'units': 5, 'activation': 'tanh', 'recurrent_activation': 'sigmoid', 'use_bias': True, 'kernel_initializer': {'class_name': 'GlorotUniform', 'config': {'seed': None}}, 'recurrent_initializer': {'class_name': 'Orthogonal', 'config': {'gain': 1.0, 'seed': None}}, 'bias_initializer': {'class_name': 'Zeros', 'config': {}}, 'unit_forget_bias': True, 'kernel_regularizer': None, 'recurrent_regularizer': None, 'bias_regularizer': None, 'activity_regularizer': None, 'kernel_constraint': None, 'recurrent_constraint': None, 'bias_constraint': None, 'dropout': 0.0, 'recurrent_dropout': 0.0, 'implementation': 2}}, {'class_name': 'Dense', 'config': {'name': 'dense', 'trainable': True, 'dtype': 'float32', 'units': 1, 'activation': 'linear', 'use_bias': True, 'kernel_initializer': {'class_name': 'GlorotUniform', 'config': {'seed': None}}, 'bias_initializer': {'class_name': 'Zeros', 'config': {}}, 'kernel_regularizer': None, 'bias_regularizer': None, 'activity_regularizer': None, 'kernel_constraint': None, 'bias_constraint': None}}]}",112.90342911094713,39.697076236846165,12747.184305010664,43.235800066340346,105.3481851310898,35.754618525090294,11098.24011041437,31.506502193281023
